source_stable_id,source_file,source_row_number,parliament_number,parliament_document_id,document_type,document_content_date,member_of_parliament_raw,member_raw_token,member_token_index,member_token_count,multi_member_field,member_id,member_display_name,member_authority_source,member_authority_url,member_resolution_method,member_resolution_confidence,member_resolution_status,review_status,release_status,source_hash,authority_snapshot_hash,notes,review_reason
47HansS_20050303_00000039,2024-09-06 Hansard Extract from DocumentsDB/Hansard-47.csv,7005,47,47HansS_20050303_00000039,Hansard - speech,2007-07-15T01:12:36.690000,The Clerk,The Clerk,1,1,False,,,,,no-authority-match,none,unresolved,agent-review-required,agent-review-fallback,94af143f9ebb543e4b69befd8e566bc33bd67b7d609bd1cea50599414325eeb2,e46f2c03e673cf212632ba88825693ea7ae405a2a8c2911b4cb5848b152a32c9,No matching member authority record in the current local authority snapshot.,unresolved
47HansS_20040901_00001402,2024-09-06 Hansard Extract from DocumentsDB/Hansard-47.csv,10503,47,47HansS_20040901_00001402,Hansard - speech,2007-11-05T12:36:01.070000,David Parker; Brian Connell; Shane Ardern; Ken Shirley; Presiding Officer,Presiding Officer,5,5,True,,,,,no-authority-match,none,unresolved,agent-review-required,agent-review-fallback,404244ddbee0d520f6ce8365475df3429f2d11de7bd06233506fe22ca2767526,e46f2c03e673cf212632ba88825693ea7ae405a2a8c2911b4cb5848b152a32c9,No matching member authority record in the current local authority snapshot.,unresolved
47HansS_20050303_00000128,2024-09-06 Hansard Extract from DocumentsDB/Hansard-47.csv,13118,47,47HansS_20050303_00000128,Hansard - speech,2007-07-15T01:13:54.157000,Presiding Officer,Presiding Officer,1,1,False,,,,,no-authority-match,none,unresolved,agent-review-required,agent-review-fallback,7f526f00450a0866e6f31f2a381eafe80d6c610f4c19eb298d09c98c16e4138e,e46f2c03e673cf212632ba88825693ea7ae405a2a8c2911b4cb5848b152a32c9,No matching member authority record in the current local authority snapshot.,unresolved
47HansS_20050303_00000045,2024-09-06 Hansard Extract from DocumentsDB/Hansard-47.csv,13321,47,47HansS_20050303_00000045,Hansard - speech,2007-07-15T01:12:48.660000,Presiding Officer; Margaret Wilson,Presiding Officer,1,2,True,,,,,no-authority-match,none,unresolved,agent-review-required,agent-review-fallback,6494bd490db4824aa3522cb608901ca97ad3b9973f7f4a1cda479370f2311e06,e46f2c03e673cf212632ba88825693ea7ae405a2a8c2911b4cb5848b152a32c9,No matching member authority record in the current local authority snapshot.,unresolved
47HansS_20030624_00001410,2024-09-06 Hansard Extract from DocumentsDB/Hansard-47.csv,17132,47,47HansS_20030624_00001410,Hansard - speech,2007-07-26T13:46:07.200000,Presiding Officer,Presiding Officer,1,1,False,,,,,no-authority-match,none,unresolved,agent-review-required,agent-review-fallback,d49e51adb9bd9f8a71b645e641aec024c72737d8f088342d3f12820dcf1d29a8,e46f2c03e673cf212632ba88825693ea7ae405a2a8c2911b4cb5848b152a32c9,No matching member authority record in the current local authority snapshot.,unresolved
48HansS_20070822_00000925,2024-09-06 Hansard Extract from DocumentsDB/Hansard-48.csv,60,48,48HansS_20070822_00000925,Hansard - speech,2015-07-22T13:49:28.907000,Presiding Officer;,Presiding Officer,1,1,False,,,,,no-authority-match,none,unresolved,agent-review-required,agent-review-fallback,e5de9525a4e89a4b2dc256f72df85784927aace3ba841639bf982400bde13c37,e46f2c03e673cf212632ba88825693ea7ae405a2a8c2911b4cb5848b152a32c9,No matching member authority record in the current local authority snapshot.,unresolved
48HansS_20070822_00000913,2024-09-06 Hansard Extract from DocumentsDB/Hansard-48.csv,63,48,48HansS_20070822_00000913,Hansard - speech,2015-07-22T13:49:27.877000,Presiding Officer;,Presiding Officer,1,1,False,,,,,no-authority-match,none,unresolved,agent-review-required,agent-review-fallback,a890422eb6bc589bdffe5bd24350232f55246a0d2ca97dad3f3525e6899d0606,e46f2c03e673cf212632ba88825693ea7ae405a2a8c2911b4cb5848b152a32c9,No matching member authority record in the current local authority snapshot.,unresolved
48HansS_20071206_00001048,2024-09-06 Hansard Extract from DocumentsDB/Hansard-48.csv,9493,48,48HansS_20071206_00001048,Hansard - speech,2007-12-18T16:52:59.493000,Annette King; Christopher Finlayson; Presiding Officer,Presiding Officer,3,3,True,,,,,no-authority-match,none,unresolved,agent-review-required,agent-review-fallback,4cb102f4c70b31b0494a9ef429797f6eff5a62fecf9d7d8fff07ef9fb7e3d324,e46f2c03e673cf212632ba88825693ea7ae405a2a8c2911b4cb5848b152a32c9,No matching member authority record in the current local authority snapshot.,unresolved
48HansS_20071017_00001347,2024-09-06 Hansard Extract from DocumentsDB/Hansard-48.csv,11043,48,48HansS_20071017_00001347,Hansard - speech,2007-11-01T13:28:18.710000,John Hayes; Darren Hughes; Peter Brown; Presiding Officer,Presiding Officer,4,4,True,,,,,no-authority-match,none,unresolved,agent-review-required,agent-review-fallback,1980961dcfc879cd3393a86fc8c8d95417559ca9f2b7f37aa05b7d6cc2c2ea04,e46f2c03e673cf212632ba88825693ea7ae405a2a8c2911b4cb5848b152a32c9,No matching member authority record in the current local authority snapshot.,unresolved
48HansS_20060831_00000900,2024-09-06 Hansard Extract from DocumentsDB/Hansard-48.csv,16658,48,48HansS_20060831_00000900,Hansard - speech,2007-07-10T21:21:06.017000,Presiding Officer,Presiding Officer,1,1,False,,,,,no-authority-match,none,unresolved,agent-review-required,agent-review-fallback,4573efda75de7b6bddee22d6a5b7d4576100a3375f37c3e1b105207c3f602418,e46f2c03e673cf212632ba88825693ea7ae405a2a8c2911b4cb5848b152a32c9,No matching member authority record in the current local authority snapshot.,unresolved
48HansS_20060913_00001210,2024-09-06 Hansard Extract from DocumentsDB/Hansard-48.csv,17095,48,48HansS_20060913_00001210,Hansard - speech,2007-07-10T17:29:16.853000,Sandra Goudie; Harry Duynhoven; Clem Simich; Nick Smith; Presiding Officer,Presiding Officer,5,5,True,,,,,no-authority-match,none,unresolved,agent-review-required,agent-review-fallback,7c096258b62b8acd6229ced15b10e27a5ef8a02dcb292d11dce752a9d010a55d,e46f2c03e673cf212632ba88825693ea7ae405a2a8c2911b4cb5848b152a32c9,No matching member authority record in the current local authority snapshot.,unresolved
48HansS_20070404_00001657,2024-09-06 Hansard Extract from DocumentsDB/Hansard-48.csv,18889,48,48HansS_20070404_00001657,Hansard - speech,2007-07-09T18:52:01.707000,Darien Fenton; Wayne Mapp; Presiding Officer,Presiding Officer,3,3,True,,,,,no-authority-match,none,unresolved,agent-review-required,agent-review-fallback,0b3c423aed35c9dd37ffa56a2f34ba6ca2b44274a7fa191eacd944a36c49eb45,e46f2c03e673cf212632ba88825693ea7ae405a2a8c2911b4cb5848b152a32c9,No matching member authority record in the current local authority snapshot.,unresolved
48HansS_20070502_00001358,2024-09-06 Hansard Extract from DocumentsDB/Hansard-48.csv,19066,48,48HansS_20070502_00001358,Hansard - speech,2007-07-09T14:11:54.520000,Presiding Officer,Presiding Officer,1,1,False,,,,,no-authority-match,none,unresolved,agent-review-required,agent-review-fallback,684f611b9b1d0fa2984d3e5db05fd3f07cb767600951fa78e3944bd6f18b1c54,e46f2c03e673cf212632ba88825693ea7ae405a2a8c2911b4cb5848b152a32c9,No matching member authority record in the current local authority snapshot.,unresolved
50HansS_20130514_00001236,2024-09-06 Hansard Extract from DocumentsDB/Hansard-50.csv,211,50,50HansS_20130514_00001236,Hansard - speech,2015-08-27T10:58:58.640000,Cam Calder; Presiding Officer;,Presiding Officer,2,2,True,,,,,no-authority-match,none,unresolved,agent-review-required,agent-review-fallback,3f4956f988c1b7570fce3fb1872c4f653f8630d41e31b9103cefb72398ff943f,e46f2c03e673cf212632ba88825693ea7ae405a2a8c2911b4cb5848b152a32c9,No matching member authority record in the current local authority snapshot.,unresolved
50HansS_20130514_00001237,2024-09-06 Hansard Extract from DocumentsDB/Hansard-50.csv,299,50,50HansS_20130514_00001237,Hansard - speech,2015-08-27T09:23:26.900000,Cam Calder; Presiding Officer;,Presiding Officer,2,2,True,,,,,no-authority-match,none,unresolved,agent-review-required,agent-review-fallback,aa379691db454ab807903b63df64a40f6e533215fc89eb16a0115744069902db,e46f2c03e673cf212632ba88825693ea7ae405a2a8c2911b4cb5848b152a32c9,No matching member authority record in the current local authority snapshot.,unresolved
50HansS_20130514_00001072,2024-09-06 Hansard Extract from DocumentsDB/Hansard-50.csv,355,50,50HansS_20130514_00001072,Hansard - speech,2015-08-26T10:27:48.130000,Cam Calder; Presiding Officer;,Presiding Officer,2,2,True,,,,,no-authority-match,none,unresolved,agent-review-required,agent-review-fallback,4fd2fc4050337fe12bcf3d788a8866f7d56bf3cc7b2c63182735c28a83aa4944,e46f2c03e673cf212632ba88825693ea7ae405a2a8c2911b4cb5848b152a32c9,No matching member authority record in the current local authority snapshot.,unresolved
50HansS_20130514_00001052,2024-09-06 Hansard Extract from DocumentsDB/Hansard-50.csv,27508,50,50HansS_20130514_00001052,Hansard - debate,2013-06-26T17:30:07.160000,Cam Calder; Presiding Officer;,Presiding Officer,2,2,True,,,,,no-authority-match,none,unresolved,agent-review-required,agent-review-fallback,8fff43429765e1941064af93e9c690a31eecf87006f118437bb8082e8aae6ed9,e46f2c03e673cf212632ba88825693ea7ae405a2a8c2911b4cb5848b152a32c9,No matching member authority record in the current local authority snapshot.,unresolved
50HansS_20130131_00000072,2024-09-06 Hansard Extract from DocumentsDB/Hansard-50.csv,31023,50,50HansS_20130131_00000072,Hansard - speech,2013-04-03T17:09:01.540000,Presiding Officer,Presiding Officer,1,1,False,,,,,no-authority-match,none,unresolved,agent-review-required,agent-review-fallback,11030e119a26236adf227953b47810391a78940c3fa2f66feb84ba8d6b39b703,e46f2c03e673cf212632ba88825693ea7ae405a2a8c2911b4cb5848b152a32c9,No matching member authority record in the current local authority snapshot.,unresolved
50HansS_20130131_00000163,2024-09-06 Hansard Extract from DocumentsDB/Hansard-50.csv,31024,50,50HansS_20130131_00000163,Hansard - speech,2013-04-03T17:08:48.087000,Presiding Officer,Presiding Officer,1,1,False,,,,,no-authority-match,none,unresolved,agent-review-required,agent-review-fallback,cd935a660a4536bc53a5a02a38fec334d2851003173217f3822e01b648fb8449,e46f2c03e673cf212632ba88825693ea7ae405a2a8c2911b4cb5848b152a32c9,No matching member authority record in the current local authority snapshot.,unresolved
50HansS_20130131_00000100,2024-09-06 Hansard Extract from DocumentsDB/Hansard-50.csv,31034,50,50HansS_20130131_00000100,Hansard - speech,2013-04-03T17:05:45.033000,Presiding Officer,Presiding Officer,1,1,False,,,,,no-authority-match,none,unresolved,agent-review-required,agent-review-fallback,dfe8cc0616c45b8a88e1c8caeaa481b4b7c14951fd39c6eebb4da0ec02433eb6,e46f2c03e673cf212632ba88825693ea7ae405a2a8c2911b4cb5848b152a32c9,No matching member authority record in the current local authority snapshot.,unresolved
50HansS_20130131_00000088,2024-09-06 Hansard Extract from DocumentsDB/Hansard-50.csv,31036,50,50HansS_20130131_00000088,Hansard - speech,2013-04-03T17:05:13.440000,Presiding Officer,Presiding Officer,1,1,False,,,,,no-authority-match,none,unresolved,agent-review-required,agent-review-fallback,bc15c31aa1d7f29f487cb27cc7b79546052ed45e27ebeb191257bc6b06598211,e46f2c03e673cf212632ba88825693ea7ae405a2a8c2911b4cb5848b152a32c9,No matching member authority record in the current local authority snapshot.,unresolved
HansS_20170808_072000000,2024-09-06 Hansard Extract from DocumentsDB/Hansard-51.csv,16,51,HansS_20170808_072000000,Hansard - speech,2024-07-03T12:40:36.900000,Richard Posser;,Richard Posser,1,1,False,,,,,no-authority-match,none,unresolved,agent-review-required,agent-review-fallback,7179be39f46f28b9f7f940b4d8980de79e00b905a716b52832b3a048615694f2,e46f2c03e673cf212632ba88825693ea7ae405a2a8c2911b4cb5848b152a32c9,No matching member authority record in the current local authority snapshot.,unresolved
HansS_20201125_039660000,2024-09-06 Hansard Extract from DocumentsDB/Hansard-53.csv,22450,53,HansS_20201125_039660000,Hansard - speech,2022-01-25T21:18:52.573000,Kiritapu Allan; Ginny Andersen; Jacinda Ardern; Chris Baillie; Andrew Bayly; Camilla Belich; David Bennett; Glen Bennett; Chris Bishop; Rachel Boyack; Simon Bridges; Rachel Brooking; Simeon Brown; Gerry Brownlee; Mark Cameron; Naisi Chen; Karen Chhour; Ang,Ang,18,18,True,,,,,no-authority-match,none,unresolved,agent-review-required,agent-review-fallback,bf3119f06cda746e21298c9a8d4e59bec97f463b7dc1aa4b5c517ec9281ce9ed,e46f2c03e673cf212632ba88825693ea7ae405a2a8c2911b4cb5848b152a32c9,No matching member authority record in the current local authority snapshot.,unresolved
